Series Name,Series Code,Country Name,Country Code,2015 [YR2015],2016 [YR2016],2017 [YR2017],2018 [YR2018],2019 [YR2019]
Forest area (% of land area),AG.LND.FRST.ZS,Afghanistan,AFG,1.85278199408184,1.85278199408184,1.85278199408184,1.85278199408184,1.85278199408184
Forest area (% of land area),AG.LND.FRST.ZS,Albania,ALB,28.8024635036496,28.8021897810219,28.7920620437956,28.7919708029197,28.7919708029197
Forest area (% of land area),AG.LND.FRST.ZS,Algeria,DZA,0.821247986241997,0.821247986241997,0.815789794104397,0.810331601966797,0.814110350369751
Forest area (% of land area),AG.LND.FRST.ZS,American Samoa,ASM,86.4,86.25,86.1,85.95,85.8
Forest area (% of land area),AG.LND.FRST.ZS,Andorra,AND,34.0425531914894,34.0425531914894,34.0425531914894,34.0425531914894,34.0425531914894
Forest area (% of land area),AG.LND.FRST.ZS,Angola,AGO,55.6530761209593,55.2078447100345,54.7626293414615,54.3174059517125,53.8721745407877
Forest area (% of land area),AG.LND.FRST.ZS,Antigua and Barbuda,ATG,19.2045454545455,19.0454545454545,18.9090909090909,18.75,18.5909090909091
Forest area (% of land area),AG.LND.FRST.ZS,Argentina,ARG,10.6321870580884,10.6003968297469,10.5598368832422,10.5203731515078,10.4801786099266
Forest area (% of land area),AG.LND.FRST.ZS,Armenia,ARM,11.5742887249737,11.5669125395153,11.5595363540569,11.5521601685985,11.5447839831401
Forest area (% of land area),AG.LND.FRST.ZS,Aruba,ABW,2.33333333333333,2.33333333333333,2.33333333333333,2.33333333333333,2.33333333333333
Forest area (% of land area),AG.LND.FRST.ZS,Australia,AUS,17.3248245968004,17.4254877132405,17.4229136169693,17.4213145571644,17.4213145571644
Forest area (% of land area),AG.LND.FRST.ZS,Austria,AUT,47.0333252544838,47.0769510421716,47.1204556471159,47.1639602520601,47.2074648570044
Forest area (% of land area),AG.LND.FRST.ZS,Azerbaijan,AZE,13.0395340115892,13.1544115156647,13.2731460646972,13.4139303602971,13.5533670481767
"Forest area (% of land area),AG.LND.FRST.ZS,""Bahamas, The"",BHS,50.9350649350649,50.9350649350649,50.9350649350649,50.9350649350649,50.9350649350649"
Forest area (% of land area),AG.LND.FRST.ZS,Bahrain,BHR,0.77120822622108,0.79589216944801,0.82051282051282,0.848329048843188,0.871794871794872
Forest area (% of land area),AG.LND.FRST.ZS,Bangladesh,BGD,14.4687716063609,14.4687716063609,14.4687716063609,14.4687716063609,14.4687716063609
Forest area (% of land area),AG.LND.FRST.ZS,Barbados,BRB,14.6511627906977,14.6511627906977,14.6511627906977,14.6511627906977,14.6511627906977
Forest area (% of land area),AG.LND.FRST.ZS,Belarus,BLR,42.5341662643242,42.9069698701401,42.9784026641969,43.0515321706572,43.1261547557461
Forest area (% of land area),AG.LND.FRST.ZS,Belgium,BEL,22.7642007926024,22.7642007926024,22.7642007926024,22.7642007926024,22.7642007926024
Forest area (% of land area),AG.LND.FRST.ZS,Belize,BLZ,58.4318281455502,57.9430074528715,57.4537483559842,56.9649276633056,56.4756685664182
Forest area (% of land area),AG.LND.FRST.ZS,Benin,BEN,30.0208407236609,29.5774210713019,29.1340014189429,28.6905817665839,28.2471621142249
Forest area (% of land area),AG.LND.FRST.ZS,Bermuda,BMU,18.5185185185185,18.5185185185185,18.5185185185185,18.5185185185185,18.5185185185185
Forest area (% of land area),AG.LND.FRST.ZS,Bhutan,BTN,71.2327832725556,71.2342701342282,71.2861786912752,71.3455689564761,71.3974829575249
Forest area (% of land area),AG.LND.FRST.ZS,Bolivia,BOL,48.0266038955045,47.7713283485646,47.5327425459245,47.3121388350411,47.1095356780209
Forest area (% of land area),AG.LND.FRST.ZS,Bosnia and Herzegovina,BIH,42.197265625,42.5099609375,42.7326171875,42.7326171875,42.7326171875
Forest area (% of land area),AG.LND.FRST.ZS,Botswana,BWA,27.9607573271223,27.7520159511584,27.5432745751945,27.3345331992307,27.1257918232668
Forest area (% of land area),AG.LND.FRST.ZS,Brazil,BRA,60.2867145082518,60.0710325503043,59.8328814784151,59.7084279516735,59.5585261792696
Forest area (% of land area),AG.LND.FRST.ZS,British Virgin Islands,VGB,24.1333333333333,24.1333333333333,24.1333333333333,24.1333333333333,24.1333333333333
Forest area (% of land area),AG.LND.FRST.ZS,Brunei Darussalam,BRN,72.1062618595825,72.1062618595825,72.1062618595825,72.1062618595825,72.1062618595825
Forest area (% of land area),AG.LND.FRST.ZS,Bulgaria,BGR,35.3076639646279,35.3813559322034,35.5011053795136,35.6208548268239,35.7406042741341
Forest area (% of land area),AG.LND.FRST.ZS,Burkina Faso,BFA,23.6345029239766,23.4517543859649,23.2690058479532,23.0862573099415,22.9035087719298
Forest area (% of land area),AG.LND.FRST.ZS,Burundi,BDI,10.8894080996885,10.8894080996885,10.8894080996885,10.8894080996885,10.8894080996885
Forest area (% of land area),AG.LND.FRST.ZS,Cabo Verde,CPV,10.9727047146402,11.0471464019851,11.12158808933,11.1960297766749,11.2704714640199
Forest area (% of land area),AG.LND.FRST.ZS,Cambodia,KHM,50.117946974847,49.2359506004985,48.35395422615,47.4719578518015,46.589961477453
Forest area (% of land area),AG.LND.FRST.ZS,Cameroon,CMR,43.6218400287703,43.5033741617482,43.3849082947262,43.2664424277041,43.147976560682
Forest area (% of land area),AG.LND.FRST.ZS,Canada,CAN,38.7164380704449,38.7120133755838,38.7078876013737,38.7037629425392,38.6996371683291
Forest area (% of land area),AG.LND.FRST.ZS,Cayman Islands,CYM,53,53,53,53.375,53
Forest area (% of land area),AG.LND.FRST.ZS,Central African Republic,CAF,36.0412854345244,35.9931297954991,35.9449741564737,35.8968185174484,35.8486628784231
Forest area (% of land area),AG.LND.FRST.ZS,Chad,TCD,3.88341804320203,3.78732528589581,3.69361499364676,3.60149301143583,3.51175349428208
Forest area (% of land area),AG.LND.FRST.ZS,Channel Islands,CHI,5.15151515151515,5.15151515151515,5.15151515151515,5.15151515151515,5.15151515151515
Forest area (% of land area),AG.LND.FRST.ZS,Chile,CHL,23.6655315440358,23.8308640381315,23.9961965322273,24.161529026323,24.3268615204188
Forest area (% of land area),AG.LND.FRST.ZS,China,CHN,22.3998214356282,22.6304979330458,22.8307068120547,23.0309121760165,23.2311175399783
Forest area (% of land area),AG.LND.FRST.ZS,Colombia,COL,54.1997836863452,54.0419017575485,53.8438666065795,53.6642451554754,53.4846327174403
Forest area (% of land area),AG.LND.FRST.ZS,Comoros,COM,18.8662009672219,18.6297689414293,18.3933369156368,18.1622783449758,17.9258463191832
"Forest area (% of land area),AG.LND.FRST.ZS,""Congo, Dem. Rep."",COD,58.0764076663505,57.5905868860413,57.1047705167508,56.6189497364416,56.1331289561324"
"Forest area (% of land area),AG.LND.FRST.ZS,""Congo, Rep."",COG,64.4655929721816,64.4304538799414,64.3953147877013,64.3513909224012,64.307467057101"
Forest area (% of land area),AG.LND.FRST.ZS,Costa Rica,CRI,57.8345084214649,58.1551116333725,58.4757148452801,58.7961222091657,59.1167254210732
Forest area (% of land area),AG.LND.FRST.ZS,Cote d'Ivoire,CIV,10.6954402515723,10.3404402515723,9.98544025157233,9.63044025157233,9.27547169811321
Forest area (% of land area),AG.LND.FRST.ZS,Croatia,HRV,34.3435065399185,34.3813916088914,34.5151954828104,34.5598956472018,34.6045672217854
Forest area (% of land area),AG.LND.FRST.ZS,Cuba,CUB,30.5859750240154,31.1514801999231,31.233140655106,31.233140655106,31.233140655106
Forest area (% of land area),AG.LND.FRST.ZS,Curacao,CUW,0.157657657657658,0.157657657657658,0.157657657657658,0.157657657657658,0.157657657657658
Forest area (% of land area),AG.LND.FRST.ZS,Cyprus,CYP,18.6915584415584,18.6807359307359,18.6785714285714,18.6764069264069,18.6742424242424
Forest area (% of land area),AG.LND.FRST.ZS,Czechia,CZE,34.5601606009584,34.579070068644,34.6025126278979,34.6259551871519,34.6514173213048
Forest area (% of land area),AG.LND.FRST.ZS,Denmark,DNK,15.617,15.6165,15.64,15.664,15.6875
Forest area (% of land area),AG.LND.FRST.ZS,Djibouti,DJI,0.241587575496117,0.241587575496117,0.242018981880932,0.243313201035375,0.245901639344262
Forest area (% of land area),AG.LND.FRST.ZS,Dominica,DMA,63.8266666666667,63.8266666666667,63.8266666666667,63.8266666666667,63.8266666666667
Forest area (% of land area),AG.LND.FRST.ZS,Dominican Republic,DOM,43.5448147381494,43.7122748913268,43.8797350445042,44.0471951976816,44.9393027708232
Forest area (% of land area),AG.LND.FRST.ZS,Ecuador,ECU,51.6153164760831,51.3565388951522,51.0977613142213,50.8389837332904,50.5802061523595
"Forest area (% of land area),AG.LND.FRST.ZS,""Egypt, Arab Rep."",EGY,0.0486413179968858,0.0451855944547692,0.0451855944547692,0.0451855944547692,0.0451855944547692"
Forest area (% of land area),AG.LND.FRST.ZS,El Salvador,SLV,29.265444015444,29.0482625482625,28.8310810810811,28.6138996138996,28.3967181467181
Forest area (% of land area),AG.LND.FRST.ZS,Equatorial Guinea,GNQ,88.7778966131907,88.4798573975044,88.1818181818182,87.8837789661319,87.5857397504456
Forest area (% of land area),AG.LND.FRST.ZS,Eritrea,ERI,8.84524597758958,8.81997366660957,8.79432689018704,8.76775721087697,8.74145380877288
Forest area (% of land area),AG.LND.FRST.ZS,Estonia,EST,55.6938118242466,55.6993328732459,57.0385964912281,57.0385964912281,57.0385964912281
Forest area (% of land area),AG.LND.FRST.ZS,Eswatini,SWZ,28.5755813953488,28.646511627907,28.7168604651163,28.7872093023256,28.8575581395349
Forest area (% of land area),AG.LND.FRST.ZS,Ethiopia,ETH,15.4478441125305,15.3828976181154,15.3182905519655,15.2534895820899,15.1886785650104
Forest area (% of land area),AG.LND.FRST.ZS,Faroe Islands,FRO,0.0573065902578797,0.0573065902578797,0.0573065902578797,0.0573065902578797,0.0573065902578797
Forest area (% of land area),AG.LND.FRST.ZS,Fiji,FJI,60.5703338806787,60.935960591133,61.3015873015873,61.6672140120416,62.0328407224959
Forest area (% of land area),AG.LND.FRST.ZS,Finland,FIN,73.7356454213418,73.7356454213418,73.7332192682285,73.7332192682285,73.7307932747672
Forest area (% of land area),AG.LND.FRST.ZS,France,FRA,30.7474838236019,30.8997967334908,31.0521096433796,31.2044225532684,31.3567354631573
Forest area (% of land area),AG.LND.FRST.ZS,French Polynesia,PYF,43.0596369922213,43.0596369922213,43.0596369922213,43.0596369922213,43.0596369922213
Forest area (% of land area),AG.LND.FRST.ZS,Gabon,GAB,91.5512089106221,91.5051034268638,91.4589979431055,91.4128924593472,91.3667869755889
"Forest area (% of land area),AG.LND.FRST.ZS,""Gambia, The"",GMB,26.8122529644269,26.2450592885375,25.6788537549407,25.1126482213439,24.5454545454545"
Forest area (% of land area),AG.LND.FRST.ZS,Georgia,GEO,40.6159159591308,40.6159159591308,40.6159159591308,40.6159159591308,40.6159159591308
Forest area (% of land area),AG.LND.FRST.ZS,Germany,DEU,32.7323281545606,32.685482024273,32.6845464693591,32.6836109680005,32.6826755201923
Forest area (% of land area),AG.LND.FRST.ZS,Ghana,GHA,34.6332073481586,34.8169113122967,35.0006152764349,35.0323459611497,35.0640766458645
Forest area (% of land area),AG.LND.FRST.ZS,Gibraltar,GIB,0,0,0,0,0
Forest area (% of land area),AG.LND.FRST.ZS,Greece,GRC,30.27,30.2699767261443,30.2699767261443,30.2699767261443,30.2699767261443
Forest area (% of land area),AG.LND.FRST.ZS,Greenland,GRL,0.000535997076379583,0.000535997076379583,0.000535997076379583,0.000535997076379583,0.000535997076379583
Forest area (% of land area),AG.LND.FRST.ZS,Grenada,GRD,52.0588235294118,52.0588235294118,52.0588235294118,52.0588235294118,52.0588235294118
Forest area (% of land area),AG.LND.FRST.ZS,Guam,GUM,46.2962962962963,51.8518518518518,51.8518518518518,51.8518518518518,51.8518518518518
Forest area (% of land area),AG.LND.FRST.ZS,Guatemala,GTM,33.4621127286301,33.3538633818589,33.2456140350877,33.1373646883165,33.0291153415453
Forest area (% of land area),AG.LND.FRST.ZS,Guinea,GIN,26.0011395083835,25.8383525964512,25.675565684519,25.5127787725867,25.3499918606544
Forest area (% of land area),AG.LND.FRST.ZS,Guinea-Bissau,GNB,71.9135846372688,71.6134423897582,71.3133001422475,71.0131578947368,70.7130156472262
Forest area (% of land area),AG.LND.FRST.ZS,Guyana,GUY,93.7838963677927,93.7371602743206,93.6903733807468,93.6436372872746,93.5968503937008
Forest area (% of land area),AG.LND.FRST.ZS,Haiti,HTI,13.1658200290276,13.0529753265602,12.9401306240929,12.8272859216255,12.7144412191582
Forest area (% of land area),AG.LND.FRST.ZS,Honduras,HND,57.7695057645902,57.5837876485834,57.3966395567075,57.2094020913397,57.0221646259719
"Forest area (% of land area),AG.LND.FRST.ZS,""Hong Kong SAR, China"",HKG,..,..,..,..,.."
Forest area (% of land area),AG.LND.FRST.ZS,Hungary,HUN,22.5818540433925,22.5589524435678,22.5429541968004,22.5281612973921,22.5122726276572
Forest area (% of land area),AG.LND.FRST.ZS,Iceland,ISL,0.480399002493766,0.485386533665835,0.492568578553616,0.496280868789051,0.502727362888029
Forest area (% of land area),AG.LND.FRST.ZS,India,IND,23.8222246139668,23.9118253458407,24.0014260777145,24.0910268095884,24.1806275414622
Forest area (% of land area),AG.LND.FRST.ZS,Indonesia,IDN,50.6135490506354,50.7434545269582,50.0393338229866,49.7168177792076,49.3942964092507
"Forest area (% of land area),AG.LND.FRST.ZS,""Iran, Islamic Rep."",IRN,6.56449077826076,6.57069181463199,6.60128813559322,6.61142064714946,6.6215531587057"
Forest area (% of land area),AG.LND.FRST.ZS,Iraq,IRQ,1.90036118379833,1.90036118379833,1.90036118379833,1.90036118379833,1.90036118379833
Forest area (% of land area),AG.LND.FRST.ZS,Ireland,IRL,10.9547104078966,11.0661924807664,11.1775293946872,11.2355929743069,11.2936565539265
Forest area (% of land area),AG.LND.FRST.ZS,Isle of Man,IMN,6.07017543859649,6.07017543859649,6.07017543859649,6.07017543859649,6.07017543859649
Forest area (% of land area),AG.LND.FRST.ZS,Israel,ISR,7.62476894639556,6.46950092421442,6.46950092421442,6.46950092421442,6.46950092421442
Forest area (% of land area),AG.LND.FRST.ZS,Italy,ITA,31.4390060801169,31.6209699781549,31.8029338761929,31.9848977742309,32.1669704480973
Forest area (% of land area),AG.LND.FRST.ZS,Jamaica,JAM,53.320406278855,53.6786703601108,54.0378578024007,54.3970452446907,54.7553093259464
Forest area (% of land area),AG.LND.FRST.ZS,Japan,JPN,68.4334705075446,68.4224965706447,68.4087791495199,68.4087791495199,68.4087791495199
Forest area (% of land area),AG.LND.FRST.ZS,Jordan,JOR,1.09822031989187,1.09822031989187,1.09822031989187,1.09822031989187,1.09804716534901
Forest area (% of land area),AG.LND.FRST.ZS,Kazakhstan,KAZ,1.22549031373856,1.23632625847316,1.24716079564396,1.25799207319332,1.26882246175501
Forest area (% of land area),AG.LND.FRST.ZS,Kenya,KEN,6.18900446287381,6.24094247461082,6.29288048634782,6.34481849808483,6.34481849808483
Forest area (% of land area),AG.LND.FRST.ZS,Kiribati,KIR,1.45679012345679,1.45679012345679,1.45679012345679,1.45679012345679,1.45679012345679
"Forest area (% of land area),AG.LND.FRST.ZS,""Korea, Dem. People's Rep."",PRK,50.96121584586,50.784901586247,50.608587326634,50.432273067021,50.255958807408"
"Forest area (% of land area),AG.LND.FRST.ZS,""Korea, Rep."",KOR,65.0315562625071,64.8791145667716,64.783099169316,64.6739130434783,64.5184426229508"
Forest area (% of land area),AG.LND.FRST.ZS,Kosovo,XKX,..,..,..,..,..
Forest area (% of land area),AG.LND.FRST.ZS,Kuwait,KWT,0.350729517396184,0.350729517396184,0.350729517396184,0.350729517396184,0.350729517396184
Forest area (% of land area),AG.LND.FRST.ZS,Kyrgyz Republic,KGZ,6.52664233576642,6.54973931178311,6.57280604796663,6.66788321167883,6.76298227320125
Forest area (% of land area),AG.LND.FRST.ZS,Lao PDR,LAO,72.6516464471404,72.5021663778163,72.3526863084922,72.2032062391681,72.053726169844
Forest area (% of land area),AG.LND.FRST.ZS,Latvia,LVA,54.5011008083308,54.5632924614717,54.6254841146126,54.6876757677536,54.7498674208945
Forest area (% of land area),AG.LND.FRST.ZS,Lebanon,LBN,13.7174975562072,13.7761485826002,13.8347996089932,13.8934506353861,13.9521016617791
Forest area (% of land area),AG.LND.FRST.ZS,Lesotho,LSO,1.13702239789196,1.13702239789196,1.13702239789196,1.13702239789196,1.13702239789196
Forest area (% of land area),AG.LND.FRST.ZS,Liberia,LBR,80.6555232558139,80.3413621262459,80.0272009966777,79.7130398671096,79.3988787375415
Forest area (% of land area),AG.LND.FRST.ZS,Libya,LBY,0.123327687918433,0.123327687918433,0.123327687918433,0.123327687918433,0.123327687918433
Forest area (% of land area),AG.LND.FRST.ZS,Liechtenstein,LIE,41.875,41.875,41.875,41.875,41.875
Forest area (% of land area),AG.LND.FRST.ZS,Lithuania,LTU,34.9082202713488,34.9605695859008,35.0569116074137,35.0950023950184,35.1325455126158
Forest area (% of land area),AG.LND.FRST.ZS,Luxembourg,LUX,34.4538272103664,34.4538272103664,34.4538272103664,34.4538272103664,34.4538272103664
"Forest area (% of land area),AG.LND.FRST.ZS,""Macao SAR, China"",MAC,..,..,..,..,.."
Forest area (% of land area),AG.LND.FRST.ZS,Madagascar,MDG,21.4779821244414,21.4552767273977,21.4325541423169,21.4098315572362,21.3871261601925
Forest area (% of land area),AG.LND.FRST.ZS,Malawi,MWI,26.0044548154434,25.5589732711073,25.1134917267713,24.6680101824353,24.2225286380993
Forest area (% of land area),AG.LND.FRST.ZS,Malaysia,MYS,59.2427940952671,58.7875209252777,58.6348805356871,58.4822401460965,58.3295997565059
Forest area (% of land area),AG.LND.FRST.ZS,Maldives,MDV,2.73333333333333,2.73333333333333,2.73333333333333,2.73333333333333,2.73333333333333
Forest area (% of land area),AG.LND.FRST.ZS,Mali,MLI,10.896663634352,10.896663634352,10.896663634352,10.896663634352,10.896663634352
Forest area (% of land area),AG.LND.FRST.ZS,Malta,MLT,1.09375,1.1875,1.3125,1.4375,1.4375
Forest area (% of land area),AG.LND.FRST.ZS,Marshall Islands,MHL,52.2222222222222,52.2222222222222,52.2222222222222,52.2222222222222,52.2222222222222
Forest area (% of land area),AG.LND.FRST.ZS,Mauritania,MRT,0.329911710488018,0.324633744057437,0.319394586203551,0.314058406907927,0.308819249054041
Forest area (% of land area),AG.LND.FRST.ZS,Mauritius,MUS,19.1787681522283,19.1737606409614,19.3540310465699,19.3740610916375,19.3940911367051
Forest area (% of land area),AG.LND.FRST.ZS,Mexico,MEX,34.1217160935209,34.0559942385349,33.9902672393837,33.9245402402325,33.8588183852465
"Forest area (% of land area),AG.LND.FRST.ZS,""Micronesia, Fed. Sts."",FSM,91.8142857142857,91.8571428571429,91.9,91.9428571428572,91.9857142857143"
Forest area (% of land area),AG.LND.FRST.ZS,Moldova,MDA,11.7518248175182,11.7548661800487,11.7512921860748,11.7529716925191,11.7527572607105
Forest area (% of land area),AG.LND.FRST.ZS,Monaco,MCO,0,0,0,0,0
Forest area (% of land area),AG.LND.FRST.ZS,Mongolia,MNG,9.10469149761818,9.10397870509873,9.10326591257927,9.10255545816196,9.10182513109581
Forest area (% of land area),AG.LND.FRST.ZS,Montenegro,MNE,61.4869888475836,61.4869888475836,61.4869888475836,61.4869888475836,61.4869888475836
Forest area (% of land area),AG.LND.FRST.ZS,Morocco,MAR,12.7373739637015,12.7712077078199,12.7976473224289,12.8200537754873,12.8435805511987
Forest area (% of land area),AG.LND.FRST.ZS,Mozambique,MOZ,48.2463948727078,47.8500089015489,47.5680968488517,47.3361072255144,47.0079478114906
Forest area (% of land area),AG.LND.FRST.ZS,Myanmar,MMR,45.9246034176517,45.5018995680015,45.0601608579088,44.6197487360196,44.1758847862724
Forest area (% of land area),AG.LND.FRST.ZS,Namibia,NAM,8.49512322510901,8.40887172199347,8.32262021887792,8.23636871576237,8.15011721264682
Forest area (% of land area),AG.LND.FRST.ZS,Nauru,NRU,0,0,0,0,0
Forest area (% of land area),AG.LND.FRST.ZS,Nepal,NPL,41.5907220090687,41.5907220090687,41.5907220090687,41.5907220090687,41.5907220090687
Forest area (% of land area),AG.LND.FRST.ZS,Netherlands,NLD,10.8354618354618,10.8630828630829,10.8910008910009,10.9186219186219,10.9465399465399
Forest area (% of land area),AG.LND.FRST.ZS,New Caledonia,NCL,45.8708971553611,45.8654266958425,45.8599562363239,45.8544857768053,45.8490153172867
Forest area (% of land area),AG.LND.FRST.ZS,New Zealand,NZL,37.3955033990354,37.396035091717,37.411606091679,37.4279366526148,37.4673198891041
Forest area (% of land area),AG.LND.FRST.ZS,Nicaragua,NIC,32.4707495429616,31.6397706498255,30.8087917566894,29.9778128635533,29.1468339704172
Forest area (% of land area),AG.LND.FRST.ZS,Niger,NER,0.901397331649167,0.891592326517723,0.881787321386279,0.871982316254835,0.862177311123392
Forest area (% of land area),AG.LND.FRST.ZS,Nigeria,NGA,24.6422807075332,24.4629795667402,24.2836830374299,24.1043842023782,23.9250853673265
Forest area (% of land area),AG.LND.FRST.ZS,North Macedonia,MKD,39.4290245836638,39.7172878667724,39.7101506740682,39.7101506740682,39.7101506740682
Forest area (% of land area),AG.LND.FRST.ZS,Northern Mariana Islands,MNP,64.1086956521739,52.9565217391304,52.9565217391304,52.9565217391304,52.9565217391304
Forest area (% of land area),AG.LND.FRST.ZS,Norway,NOR,33.2456439881958,33.271099733249,33.2945336229161,33.3172650284299,33.3399069828592
Forest area (% of land area),AG.LND.FRST.ZS,Oman,OMN,0.00969305331179321,0.00904684975767367,0.00872374798061389,0.00840064620355412,0.00807754442649435
Forest area (% of land area),AG.LND.FRST.ZS,Pakistan,PAK,5.10144250726443,5.01795350767954,4.99418845994188,4.94056143628061,4.88693441261934
Forest area (% of land area),AG.LND.FRST.ZS,Palau,PLW,89.1086956521739,89.304347826087,89.4782608695652,89.6739130434783,89.8478260869565
Forest area (% of land area),AG.LND.FRST.ZS,Panama,PAN,57.6215596330275,57.4676200755532,57.3135456017269,57.1133728767862,56.9594230250741
Forest area (% of land area),AG.LND.FRST.ZS,Papua New Guinea,PNG,79.5486925319083,79.4724197323676,79.3983791900367,79.3243386477057,79.2502981053747
Forest area (% of land area),AG.LND.FRST.ZS,Paraguay,PRY,44.0446513969293,43.6273093380317,42.6384847722124,41.9353888749056,41.2323181474956
Forest area (% of land area),AG.LND.FRST.ZS,Peru,PER,57.1832265625,57.03928125,56.902171875,56.77815625,56.643125
Forest area (% of land area),AG.LND.FRST.ZS,Philippines,PHL,23.5239963779052,23.6410101619881,23.758023946071,23.8750041922393,23.9920179763222
Forest area (% of land area),AG.LND.FRST.ZS,Poland,POL,30.7652111434077,30.8142003331265,30.8533916849015,30.8946010386387,30.939858220901
Forest area (% of land area),AG.LND.FRST.ZS,Portugal,PRT,36.154994891142,36.154994891142,36.154994891142,36.154994891142,36.154994891142
Forest area (% of land area),AG.LND.FRST.ZS,Puerto Rico,PRI,55.6798196166855,55.7350620067644,55.7903043968433,55.8455467869222,55.9007891770011
Forest area (% of land area),AG.LND.FRST.ZS,Qatar,QAT,0,0,0,0,0
Forest area (% of land area),AG.LND.FRST.ZS,Romania,ROU,29.9937413073714,30.1158292767733,30.1158292767733,30.1158292767733,30.1158292767733
Forest area (% of land area),AG.LND.FRST.ZS,Russian Federation,RUS,49.7610630114301,49.7726995451512,49.7843360788722,49.7843360788722,49.7843360788722
Forest area (% of land area),AG.LND.FRST.ZS,Rwanda,RWA,10.9444669639238,11.0255370895825,11.0660721524118,11.1066072152412,11.1471422780705
Forest area (% of land area),AG.LND.FRST.ZS,Samoa,WSM,57.9752650176678,57.8056537102473,58.6726618705036,58.5,58.3273381294964
Forest area (% of land area),AG.LND.FRST.ZS,San Marino,SMR,16.6666666666667,16.6666666666667,16.6666666666667,16.6666666666667,16.6666666666667
Forest area (% of land area),AG.LND.FRST.ZS,Sao Tome and Principe,STP,57.2916666666667,56.6458333333333,56,55.3541666666667,54.7083333333333
Forest area (% of land area),AG.LND.FRST.ZS,Saudi Arabia,SAU,0.454484134921779,0.454484134921779,0.454484134921779,0.454484134921779,0.454484134921779
Forest area (% of land area),AG.LND.FRST.ZS,Senegal,SEN,42.944787825274,42.737027995637,42.5292681660001,42.3215083363632,42.1137485067262
Forest area (% of land area),AG.LND.FRST.ZS,Serbia,SRB,31.0945575120055,31.1019894809056,31.1211982620627,31.1227989938258,31.1253144294535
Forest area (% of land area),AG.LND.FRST.ZS,Seychelles,SYC,73.2608695652174,73.2608695652174,73.2608695652174,73.2608695652174,73.2608695652174
Forest area (% of land area),AG.LND.FRST.ZS,Sierra Leone,SLE,36.485591576614,36.2122471598781,35.9389027431422,35.6655583264062,35.3922139096703
Forest area (% of land area),AG.LND.FRST.ZS,Singapore,SGP,23.2318758815233,22.9696755994358,22.626404494382,22.3109243697479,21.9972067039106
Forest area (% of land area),AG.LND.FRST.ZS,Sint Maarten (Dutch part),SXM,10.8823529411765,10.8823529411765,10.8823529411765,10.8823529411765,10.8823529411765
Forest area (% of land area),AG.LND.FRST.ZS,Slovak Republic,SVK,39.9681793602596,40.0035357737105,40.05615640599,40.05615640599,40.05615640599
Forest area (% of land area),AG.LND.FRST.ZS,Slovenia,SVN,61.9582377647374,61.8592989772614,61.7699782998396,61.674380723466,61.5730716513379
Forest area (% of land area),AG.LND.FRST.ZS,Solomon Islands,SLB,90.2686673812076,90.242586638085,90.2165058949625,90.1904251518399,90.1643444087174
Forest area (% of land area),AG.LND.FRST.ZS,Somalia,SOM,10.1440207861766,10.0216788344438,9.89933688271113,9.77699493097842,9.6546529792457
Forest area (% of land area),AG.LND.FRST.ZS,South Africa,ZAF,14.2051208071948,14.1751147895045,14.1451087718141,14.1151027541238,14.0850967364334
Forest area (% of land area),AG.LND.FRST.ZS,South Sudan,SSD,11.3256215087114,11.3256215087114,11.3256215087114,11.3256215087114,11.3256215087114
Forest area (% of land area),AG.LND.FRST.ZS,Spain,ESP,37.1275324670126,37.142868581403,37.1522339173654,37.1566467814769,37.1677215644695
Forest area (% of land area),AG.LND.FRST.ZS,Sri Lanka,LKA,34.3951658507424,34.3441099962839,34.2930541418254,34.2580499159447,34.2067102490331
Forest area (% of land area),AG.LND.FRST.ZS,St. Kitts and Nevis,KNA,42.3076923076923,42.3076923076923,42.3076923076923,42.3076923076923,42.3076923076923
Forest area (% of land area),AG.LND.FRST.ZS,St. Lucia,LCA,34.0491803278688,34.0491803278688,34.0491803278688,34.0491803278688,34.0491803278688
Forest area (% of land area),AG.LND.FRST.ZS,St. Martin (French part),MAF,24.8,24.8,24.8,24.8,24.8
Forest area (% of land area),AG.LND.FRST.ZS,St. Vincent and the Grenadines,VCT,73.1794871794872,73.1794871794872,73.1794871794872,73.1794871794872,73.1794871794872
Forest area (% of land area),AG.LND.FRST.ZS,Sudan,SDN,10.2836884368308,10.1971038543897,10.1049411134904,10.012778372591,9.92061563169165
Forest area (% of land area),AG.LND.FRST.ZS,Suriname,SUR,97.7671153846154,97.694358974359,97.6475641025641,97.5691025641026,97.4905769230769
Forest area (% of land area),AG.LND.FRST.ZS,Sweden,SWE,68.6944981353789,68.6944981353789,68.6944981353789,68.6944981353789,68.6990605243879
Forest area (% of land area),AG.LND.FRST.ZS,Switzerland,CHE,31.6857178507946,31.7732664163142,31.8603337971021,31.9474011778901,32.034468558678
Forest area (% of land area),AG.LND.FRST.ZS,Syrian Arab Republic,SYR,2.84310842454937,2.84310842454937,2.84310842454937,2.84310842454937,2.84310842454937
Forest area (% of land area),AG.LND.FRST.ZS,Tajikistan,TJK,3.0391238561856,3.0391238561856,3.0391238561856,3.0391238561856,3.0463289862382
Forest area (% of land area),AG.LND.FRST.ZS,Tanzania,TZA,54.2899074283134,53.7604425378189,53.2309776473245,52.70151275683,52.1720478663355
Forest area (% of land area),AG.LND.FRST.ZS,Thailand,THA,39.2667697547417,39.1806455401358,39.1101802736401,39.0397150071444,38.9692497406487
Forest area (% of land area),AG.LND.FRST.ZS,Timor-Leste,TLS,62.4142568930733,62.320107599193,62.2461331540013,62.1318090114324,62.0376597175521
Forest area (% of land area),AG.LND.FRST.ZS,Togo,TGO,22.5054237911381,22.4510020224306,22.3965802537231,22.3421584850156,22.2877367163081
Forest area (% of land area),AG.LND.FRST.ZS,Tonga,TON,12.4305555555556,12.4305555555556,12.4305555555556,12.4305555555556,12.4305555555556
Forest area (% of land area),AG.LND.FRST.ZS,Trinidad and Tobago,TTO,44.8908382066277,44.8089668615984,44.7270955165692,44.64522417154,44.5633528265107
Forest area (% of land area),AG.LND.FRST.ZS,Tunisia,TUN,4.47399588053553,4.48384397528321,4.4936920700309,4.50354016477858,4.51338825952626
Forest area (% of land area),AG.LND.FRST.ZS,Turkiye,TUR,28.104803606928,28.104803606928,28.2635292283305,28.4660940971636,28.6687888985616
Forest area (% of land area),AG.LND.FRST.ZS,Turkmenistan,TKM,8.78215904496414,8.78215904496414,8.78215904496414,8.78215904496414,8.78215904496414
Forest area (% of land area),AG.LND.FRST.ZS,Turks and Caicos Islands,TCA,11.0736842105263,11.0736842105263,11.0736842105263,11.0736842105263,11.0736842105263
Forest area (% of land area),AG.LND.FRST.ZS,Tuvalu,TUV,33.3333333333333,33.3333333333333,33.3333333333333,33.3333333333333,33.3333333333333
Forest area (% of land area),AG.LND.FRST.ZS,Uganda,UGA,12.687811689607,12.4820965489727,12.2763814083383,12.070666267704,11.8649012567325
Forest area (% of land area),AG.LND.FRST.ZS,Ukraine,UKR,16.6704068773844,16.6824906350878,16.6942862074918,16.7034863652054,16.7138419054194
Forest area (% of land area),AG.LND.FRST.ZS,United Arab Emirates,ARE,4.46775556181357,4.46775556181357,4.46775556181357,4.46775556181357,4.46775556181357
Forest area (% of land area),AG.LND.FRST.ZS,United Kingdom,GBR,13.0409622618113,13.0574959699087,13.0781631050304,13.1153639482495,13.1525647914686
Forest area (% of land area),AG.LND.FRST.ZS,United States,USA,33.8997225447175,33.8997225447175,33.8669264120375,33.8669264120375,33.8669264120375
Forest area (% of land area),AG.LND.FRST.ZS,Uruguay,URY,10.9701748371615,11.1244429208091,11.2444292080905,11.364415495372,11.4844017826534
Forest area (% of land area),AG.LND.FRST.ZS,Uzbekistan,UZB,8.05583295506128,8.1397486557828,8.19844389770035,8.25712061408984,8.31637366503615
Forest area (% of land area),AG.LND.FRST.ZS,Vanuatu,VUT,36.2838392124692,36.2838392124692,36.2838392124692,36.2838392124692,36.2838392124692
"Forest area (% of land area),AG.LND.FRST.ZS,""Venezuela, RB"",VEN,52.9255711127487,52.7671447196871,52.6366759254011,52.5341647298906,52.4596111331557"
Forest area (% of land area),AG.LND.FRST.ZS,Vietnam,VNM,44.8711640388917,45.8783548775157,45.9963369846492,46.2346815387217,46.4768416451573
Forest area (% of land area),AG.LND.FRST.ZS,Virgin Islands (U.S.),VIR,54.7428571428571,55.1714285714286,55.6,56.0285714285714,56.4571428571428
Forest area (% of land area),AG.LND.FRST.ZS,West Bank and Gaza,PSE,1.6843853820598,1.6843853820598,1.6843853820598,1.6843853820598,1.6843853820598
"Forest area (% of land area),AG.LND.FRST.ZS,""Yemen, Rep."",YEM,1.03983180862549,1.03983180862549,1.03983180862549,1.03983180862549,1.03983180862549"
Forest area (% of land area),AG.LND.FRST.ZS,Zambia,ZMB,61.5492540927373,61.2959550168821,61.0428846231453,60.789706614294,60.5365151535533
Forest area (% of land area),AG.LND.FRST.ZS,Zimbabwe,ZWE,45.6893628021197,45.5702727155228,45.4511826289259,45.3320925423291,45.2130024557322
Forest area (% of land area),AG.LND.FRST.ZS,Africa Eastern and Southern,AFE,31.2604198312,31.0396815405574,30.8243162200106,30.6115117598975,30.3916259482678
Forest area (% of land area),AG.LND.FRST.ZS,Africa Western and Central,AFW,20.2342307683804,20.1526101563381,20.0713271823989,19.9860995956125,19.9012147100637
Forest area (% of land area),AG.LND.FRST.ZS,Arab World,ARB,2.90093803852791,2.88332326122098,2.86394290918001,2.84442046915972,2.82662078765584
Forest area (% of land area),AG.LND.FRST.ZS,Caribbean small states,CSS,90.1669754229962,90.0970482894899,90.0371248610597,89.9650240829937,89.8928245029023
Forest area (% of land area),AG.LND.FRST.ZS,Central Europe and the Baltics,CEB,34.3399778411909,34.3939142269346,34.4710840221623,34.5008820276483,34.5318870374642
Forest area (% of land area),AG.LND.FRST.ZS,Early-demographic dividend,EAR,23.1177104152123,23.0717668798697,22.9822787602442,22.9145954089095,22.8489952478132
Forest area (% of land area),AG.LND.FRST.ZS,East Asia & Pacific,EAS,26.9760461602674,27.0866795018853,27.0860590597728,27.1167072640353,27.148011008033
Forest area (% of land area),AG.LND.FRST.ZS,East Asia & Pacific (excluding high income),EAP,30.2228214238407,30.3506195584455,30.3515394339169,30.3995511660506,30.4475289991765
Forest area (% of land area),AG.LND.FRST.ZS,East Asia & Pacific (IDA & IBRD countries),TEA,30.0653988863597,30.1955018764199,30.1977661920145,30.2474800867242,30.2971600901202
Forest area (% of land area),AG.LND.FRST.ZS,Euro area,EMU,38.3717756316336,38.425885205731,38.5037696116035,38.5604198624425,38.6181750236607
Forest area (% of land area),AG.LND.FRST.ZS,Europe & Central Asia,ECS,38.4228418329078,38.4444268273231,38.4690523825106,38.4850775104367,38.5023002460649
Forest area (% of land area),AG.LND.FRST.ZS,Europe & Central Asia (excluding high income),ECA,39.4460850929443,39.4632904974101,39.4824233566487,39.4945720189028,39.506948381983
Forest area (% of land area),AG.LND.FRST.ZS,Europe & Central Asia (IDA & IBRD countries),TEC,39.2234378060618,39.2421666752289,39.2616544516438,39.2741558748129,39.2869462481332
Forest area (% of land area),AG.LND.FRST.ZS,European Union,EUU,39.5953743399525,39.6446908041432,39.7055896948827,39.7509973547656,39.797851757679
Forest area (% of land area),AG.LND.FRST.ZS,Fragile and conflict affected situations,FCS,23.6598244724671,23.528667832007,23.4025184228889,23.279304814703,23.1537720617099
Forest area (% of land area),AG.LND.FRST.ZS,Heavily indebted poor countries (HIPC),HPC,27.9742510433754,27.7966008558631,27.6241210477931,27.4527875551308,27.2787227315942
Forest area (% of land area),AG.LND.FRST.ZS,High income,HIC,29.6347785190312,29.6604724021485,29.6604005767478,29.6671524007009,29.6750107424596
Forest area (% of land area),AG.LND.FRST.ZS,IBRD only,IBD,34.0402221034534,34.0338746922706,33.9961157149651,33.97969174339,33.9614408471923
Forest area (% of land area),AG.LND.FRST.ZS,IDA & IBRD total,IBT,32.0341104925839,31.9890939200785,31.9219024013165,31.8705351878744,31.8167306722752
Forest area (% of land area),AG.LND.FRST.ZS,IDA blend,IDB,30.1002175583923,30.0308920094851,29.9698022012709,29.9026287034243,29.8289917379876
Forest area (% of land area),AG.LND.FRST.ZS,IDA only,IDX,25.5667156554516,25.3942021476552,25.2254170113889,25.057583232497,24.8861969519364
Forest area (% of land area),AG.LND.FRST.ZS,IDA total,IDA,26.3589874318397,26.204514174429,26.0545525385055,25.9043124265406,25.750003357862
Forest area (% of land area),AG.LND.FRST.ZS,Late-demographic dividend,LTE,39.4619832288736,39.4792885027664,39.4810406677083,39.4998201303943,39.514367180653
Forest area (% of land area),AG.LND.FRST.ZS,Latin America & Caribbean,LCN,47.1909784911788,47.0428640721467,46.8707155874668,46.7548677627304,46.6317495268163
Forest area (% of land area),AG.LND.FRST.ZS,Latin America & Caribbean (excluding high income),LAC,47.6826033954084,47.5177326707562,47.3249805878658,47.1938866688109,47.0531697057662
Forest area (% of land area),AG.LND.FRST.ZS,Latin America & the Caribbean (IDA & IBRD countries),TLA,47.2760891001502,47.1240026571037,46.9501198488737,46.8335049759279,46.7095861920836
Forest area (% of land area),AG.LND.FRST.ZS,Least developed countries: UN classification,LDC,27.1848561347902,26.9923117926884,26.8034964495896,26.6166612917037,26.4262178266402
Forest area (% of land area),AG.LND.FRST.ZS,Low & middle income,LMY,31.8207333195235,31.7745792278236,31.7051965784548,31.6517764569613,31.5955563370186
Forest area (% of land area),AG.LND.FRST.ZS,Low income,LIC,20.9871090819235,20.8430536338754,20.7045607101116,20.5688272576799,20.4281719728976
Forest area (% of land area),AG.LND.FRST.ZS,Lower middle income,LMC,24.7805341165852,24.6991819388037,24.6141027045848,24.5231600027267,24.4328102433192
Forest area (% of land area),AG.LND.FRST.ZS,Middle East & North Africa,MEA,2.04148726756822,2.04137481970621,2.04335278074374,2.04474031448628,2.04812953932936
Forest area (% of land area),AG.LND.FRST.ZS,Middle East & North Africa (excluding high income),MNA,2.48149509859232,2.48425979642149,2.48715521754976,2.48896185436909,2.49337364906345
Forest area (% of land area),AG.LND.FRST.ZS,Middle East & North Africa (IDA & IBRD countries),TMN,2.48205080932185,2.48481743457985,2.48771528028955,2.48952317753238,2.49393804925654
Forest area (% of land area),AG.LND.FRST.ZS,Middle income,MIC,33.8459135330094,33.81807002963,33.7617757914159,33.7237457958547,33.6833340433944
Forest area (% of land area),AG.LND.FRST.ZS,North America,NAC,36.2838507057668,36.2816605738267,36.2630557701336,36.2610141497871,36.2589719773529
Forest area (% of land area),AG.LND.FRST.ZS,Not classified,INX,..,..,..,..,..
Forest area (% of land area),AG.LND.FRST.ZS,OECD members,OED,32.7404181313056,32.7561258518272,32.7500203809848,32.7523128399136,32.7557296087965
Forest area (% of land area),AG.LND.FRST.ZS,Other small states,OSS,29.2604557001402,29.1507778572416,29.0605981825272,28.9430063902702,28.8337251566309
Forest area (% of land area),AG.LND.FRST.ZS,Pacific island small states,PSS,67.9968847352025,68.0839563862928,68.2240062353858,68.3111457521434,68.3981293842557
Forest area (% of land area),AG.LND.FRST.ZS,Post-demographic dividend,PST,32.0702330907968,32.0986845741904,32.0943197225404,32.0989421656341,32.1042621890772
Forest area (% of land area),AG.LND.FRST.ZS,Pre-demographic dividend,PRE,26.7097893087988,26.5274001430678,26.3490981879529,26.1726245673407,25.9911423171908
Forest area (% of land area),AG.LND.FRST.ZS,Small states,SST,40.1154000111169,40.0170870720884,39.940278853354,39.8328071773699,39.7345560617598
Forest area (% of land area),AG.LND.FRST.ZS,South Asia,SAS,18.5863467033393,18.6283491298085,18.6801084324897,18.7271714529853,18.7741033935745
Forest area (% of land area),AG.LND.FRST.ZS,South Asia (IDA & IBRD),TSA,18.5863467033393,18.6283491298085,18.6801084324897,18.7271714529853,18.7741033935745
Forest area (% of land area),AG.LND.FRST.ZS,Sub-Saharan Africa,SSF,27.0855859650013,26.9175230010799,26.7529230851375,26.5884254658942,26.4196569216541
Forest area (% of land area),AG.LND.FRST.ZS,Sub-Saharan Africa (excluding high income),SSA,27.0846968795432,26.9166306799337,26.7520275942444,26.5875268082364,26.4187550148942
Forest area (% of land area),AG.LND.FRST.ZS,Sub-Saharan Africa (IDA & IBRD countries),TSS,27.0855859650013,26.9175230010799,26.7529230851375,26.5884254658942,26.4196569216541
Forest area (% of land area),AG.LND.FRST.ZS,Upper middle income,UMC,37.815376193027,37.8109195541214,37.7661932936145,37.7513344685121,37.7328393703407
Forest area (% of land area),AG.LND.FRST.ZS,World,WLD,31.3683864547761,31.3409159600853,31.2899970077389,31.2526357421528,31.2137545518266
